GEO_ID,STATE,COUNTY,TRACT,NAME,POPUNI,PRED0_E,PRED0_M,PRED0_PE,PRED0_PM,PRED12_E,PRED12_M,PRED12_PE,PRED12_PM,PRED3_E,PRED3_M,PRED3_PE,PRED3_PM,LONG_90_DAY,MAX_WBT,EXPOSED
1400000US53033000101,53,33,101,"Census Tract 1.01, King County, Washington",3807,635,449,16.68,11.8,1970,534,51.75,14.01,1202,480,31.57,12.6,1,79.5,0
1400000US53033000102,53,33,102,"Census Tract 1.02, King County, Washington",4328,780,571,18.02,13.2,1326,666,30.64,15.4,2222,605,51.34,13.97,1,79.5,0
1400000US53033000201,53,33,201,"Census Tract 2.01, King County, Washington",4427,444,527,10.03,11.91,2355,614,53.2,13.88,1628,552,36.77,12.47,1,79.5,0
1400000US53033000202,53,33,202,"Census Tract 2.02, King County, Washington",4074,941,448,23.1,11,1814,512,44.53,12.56,1319,450,32.38,11.03,1,79.5,0
1400000US53033000300,53,33,300,"Census Tract 3, King County, Washington",2798,960,319,34.31,11.4,1169,361,41.78,12.91,669,312,23.91,11.15,1,79.5,0
1400000US53033000402,53,33,402,"Census Tract 4.02, King County, Washington",5133,883,563,17.2,10.97,1961,658,38.2,12.83,2289,606,44.59,11.81,1,79.5,0
1400000US53033000403,53,33,403,"Census Tract 4.03, King County, Washington",3090,587,348,19,11.26,1010,421,32.69,13.62,1493,401,48.32,12.96,1,79.5,0
1400000US53033000404,53,33,404,"Census Tract 4.04, King County, Washington",4119,565,540,13.72,13.11,1555,653,37.75,15.85,1999,603,48.53,14.64,1,79.5,0
1400000US53033000500,53,33,500,"Census Tract 5, King County, Washington",3334,1258,367,37.73,10.99,1244,422,37.31,12.65,832,385,24.96,11.54,1,79.5,0
1400000US53033000601,53,33,601,"Census Tract 6.01, King County, Washington",4089,892,472,21.81,11.54,1880,544,45.98,13.3,1317,484,32.21,11.82,1,79.5,0
1400000US53033000602,53,33,602,"Census Tract 6.02, King County, Washington",4012,618,470,15.4,11.72,1953,547,48.68,13.63,1441,489,35.92,12.2,1,79.5,0
1400000US53033000700,53,33,700,"Census Tract 7, King County, Washington",5212,1320,650,25.33,12.48,2421,745,46.45,14.29,1471,650,28.22,12.47,1,79.5,0
1400000US53033000800,53,33,800,"Census Tract 8, King County, Washington",2656,1009,308,37.99,11.59,1061,351,39.95,13.23,586,314,22.06,11.83,1,79.5,0
1400000US53033000900,53,33,900,"Census Tract 9, King County, Washington",2059,374,222,18.16,10.77,1055,259,51.24,12.6,630,241,30.6,11.68,1,79.5,0
1400000US53033001000,53,33,1000,"Census Tract 10, King County, Washington",1994,412,232,20.66,11.64,913,265,45.79,13.3,669,233,33.55,11.68,1,79.5,0
1400000US53033001100,53,33,1100,"Census Tract 11, King County, Washington",2688,560,336,20.83,12.5,1240,384,46.13,14.28,888,340,33.04,12.63,1,79.5,0
1400000US53033001201,53,33,1201,"Census Tract 12.01, King County, Washington",3820,624,454,16.34,11.87,1446,548,37.85,14.35,1750,507,45.81,13.27,1,79.5,0
1400000US53033001202,53,33,1202,"Census Tract 12.02, King County, Washington",3892,1051,484,27,12.43,1806,546,46.4,14.02,1035,463,26.59,11.9,1,79.5,0
1400000US53033001300,53,33,1300,"Census Tract 13, King County, Washington",5092,1301,576,25.55,11.32,2476,658,48.63,12.91,1315,569,25.82,11.17,1,79.5,0
1400000US53033001400,53,33,1400,"Census Tract 14, King County, Washington",5203,1406,597,27.02,11.47,2558,669,49.16,12.86,1239,576,23.81,11.07,1,79.5,0
1400000US53033001500,53,33,1500,"Census Tract 15, King County, Washington",2607,602,322,23.09,12.36,1282,363,49.18,13.93,723,321,27.73,12.31,1,79.5,0
1400000US53033001600,53,33,1600,"Census Tract 16, King County, Washington",4413,1022,464,23.16,10.52,2262,526,51.26,11.92,1129,467,25.58,10.57,1,79.5,0
1400000US53033001701,53,33,1701,"Census Tract 17.01, King County, Washington",4194,587,536,14,12.77,2848,597,67.91,14.22,759,501,18.1,11.94,1,79.5,0
1400000US53033001702,53,33,1702,"Census Tract 17.02, King County, Washington",5260,1239,627,23.56,11.92,2175,705,41.35,13.4,1846,614,35.1,11.67,1,79.5,0
1400000US53033001800,53,33,1800,"Census Tract 18, King County, Washington",5061,902,649,17.82,12.82,2990,716,59.08,14.15,1169,582,23.1,11.51,1,79.5,0
1400000US53033001900,53,33,1900,"Census Tract 19, King County, Washington",4916,599,584,12.18,11.87,2598,657,52.85,13.36,1719,566,34.97,11.5,1,79.5,0
1400000US53033002000,53,33,2000,"Census Tract 20, King County, Washington",3659,859,407,23.48,11.11,1448,456,39.57,12.47,1352,397,36.95,10.86,1,79.5,0
1400000US53033002100,53,33,2100,"Census Tract 21, King County, Washington",4372,1289,472,29.48,10.79,1573,530,35.98,12.11,1510,454,34.54,10.38,1,79.5,0
1400000US53033002200,53,33,2200,"Census Tract 22, King County, Washington",5867,1387,666,23.64,11.36,2898,764,49.39,13.03,1582,689,26.96,11.74,1,79.5,0
1400000US53033002400,53,33,2400,"Census Tract 24, King County, Washington",3157,847,376,26.83,11.9,1141,422,36.14,13.35,1169,364,37.03,11.53,1,79.5,0
1400000US53033002500,53,33,2500,"Census Tract 25, King County, Washington",3100,449,364,14.48,11.73,1771,409,57.13,13.19,880,356,28.39,11.48,1,79.5,0
1400000US53033002600,53,33,2600,"Census Tract 26, King County, Washington",5246,698,614,13.31,11.7,2622,680,49.98,12.96,1926,571,36.71,10.89,1,79.5,0
1400000US53033002700,53,33,2700,"Census Tract 27, King County, Washington",5754,1244,743,21.62,12.91,2950,826,51.27,14.36,1560,703,27.11,12.22,1,79.5,0
1400000US53033002800,53,33,2800,"Census Tract 28, King County, Washington",4829,857,612,17.75,12.67,3186,674,65.98,13.95,786,559,16.28,11.58,1,79.5,0
1400000US53033002900,53,33,2900,"Census Tract 29, King County, Washington",4545,1270,565,27.94,12.42,2355,620,51.82,13.64,920,516,20.24,11.35,1,79.5,0
1400000US53033003000,53,33,3000,"Census Tract 30, King County, Washington",6312,2500,731,39.61,11.59,2845,804,45.07,12.73,967,666,15.32,10.55,1,79.5,0
1400000US53033003100,53,33,3100,"Census Tract 31, King County, Washington",6359,1253,695,19.7,10.92,3282,774,51.61,12.17,1824,669,28.68,10.52,1,79.5,0
1400000US53033003201,53,33,3201,"Census Tract 32.01, King County, Washington",4645,957,556,20.6,11.97,2797,632,60.22,13.61,891,565,19.18,12.16,1,79.5,0
1400000US53033003202,53,33,3202,"Census Tract 32.02, King County, Washington",4665,836,581,17.92,12.46,2610,642,55.95,13.76,1219,538,26.13,11.52,1,79.5,0
1400000US53033003301,53,33,3301,"Census Tract 33.01, King County, Washington",4264,1194,566,28,13.27,2251,616,52.79,14.45,819,491,19.21,11.52,1,79.5,0
1400000US53033003302,53,33,3302,"Census Tract 33.02, King County, Washington",3379,673,382,19.92,11.32,2153,417,63.72,12.33,553,334,16.37,9.89,1,79.5,0
1400000US53033003400,53,33,3400,"Census Tract 34, King County, Washington",3459,623,398,18.01,11.49,2067,439,59.76,12.69,769,369,22.23,10.66,1,79.5,0
1400000US53033003500,53,33,3500,"Census Tract 35, King County, Washington",4111,1071,440,26.05,10.71,2169,498,52.76,12.11,871,446,21.19,10.85,1,79.5,0
1400000US53033003601,53,33,3601,"Census Tract 36.01, King County, Washington",3789,996,459,26.29,12.1,1446,520,38.16,13.73,1347,463,35.55,12.22,1,79.5,0
1400000US53033003602,53,33,3602,"Census Tract 36.02, King County, Washington",4540,903,564,19.89,12.42,2453,619,54.03,13.64,1184,497,26.08,10.95,1,79.5,0
1400000US53033003800,53,33,3800,"Census Tract 38, King County, Washington",2436,770,320,31.61,13.13,1284,358,52.71,14.68,382,304,15.68,12.47,1,79.5,0
1400000US53033003900,53,33,3900,"Census Tract 39, King County, Washington",2983,721,340,24.17,11.38,1895,380,63.53,12.73,367,325,12.3,10.9,1,79.5,0
1400000US53033004000,53,33,4000,"Census Tract 40, King County, Washington",3270,442,394,13.52,12.05,2005,456,61.31,13.94,823,407,25.17,12.46,1,79.5,0
1400000US53033004101,53,33,4101,"Census Tract 41.01, King County, Washington",3740,774,412,20.7,11.02,2208,465,59.04,12.43,758,410,20.27,10.95,1,79.5,0
1400000US53033004102,53,33,4102,"Census Tract 41.02, King County, Washington",4179,1092,466,26.13,11.15,2131,528,50.99,12.63,956,468,22.88,11.2,1,79.5,0
1400000US53033004201,53,33,4201,"Census Tract 42.01, King County, Washington",3904,680,448,17.42,11.47,2149,509,55.05,13.04,1075,449,27.54,11.51,1,79.5,0
1400000US53033004202,53,33,4202,"Census Tract 42.02, King County, Washington",4351,1044,455,23.99,10.45,2374,510,54.56,11.71,933,440,21.44,10.11,1,79.5,0
1400000US53033004301,53,33,4301,"Census Tract 43.01, King County, Washington",3402,363,392,10.67,11.52,1896,442,55.73,13,1143,383,33.6,11.27,1,79.5,0
1400000US53033004302,53,33,4302,"Census Tract 43.02, King County, Washington",3170,361,394,11.39,12.44,1562,442,49.27,13.96,1247,370,39.34,11.66,1,79.5,0
1400000US53033004401,53,33,4401,"Census Tract 44.01, King County, Washington",3550,1302,433,36.68,12.19,1632,478,45.97,13.47,616,394,17.35,11.11,1,79.5,0
1400000US53033004402,53,33,4402,"Census Tract 44.02, King County, Washington",3591,429,451,11.95,12.57,1477,496,41.13,13.82,1685,391,46.92,10.87,1,79.5,0
1400000US53033004500,53,33,4500,"Census Tract 45, King County, Washington",2914,976,384,33.49,13.18,1582,421,54.29,14.45,356,342,12.22,11.73,1,79.5,0
1400000US53033004600,53,33,4600,"Census Tract 46, King County, Washington",3470,1060,393,30.55,11.33,1876,436,54.06,12.56,534,369,15.39,10.64,1,79.5,0
1400000US53033004701,53,33,4701,"Census Tract 47.01, King County, Washington",3606,664,458,18.41,12.7,1977,515,54.83,14.29,965,445,26.76,12.34,1,79.5,0
1400000US53033004702,53,33,4702,"Census Tract 47.02, King County, Washington",3881,619,506,15.95,13.04,2175,558,56.04,14.37,1087,455,28.01,11.73,1,79.5,0
1400000US53033004703,53,33,4703,"Census Tract 47.03, King County, Washington",3580,619,470,17.29,13.13,2186,517,61.06,14.44,775,423,21.65,11.82,1,79.5,0
1400000US53033004800,53,33,4800,"Census Tract 48, King County, Washington",4992,864,636,17.31,12.75,2969,700,59.48,14.01,1159,579,23.22,11.6,1,79.5,0
1400000US53033004901,53,33,4901,"Census Tract 49.01, King County, Washington",3767,581,496,15.42,13.17,2243,544,59.54,14.44,943,449,25.03,11.91,1,79.5,0
1400000US53033004902,53,33,4902,"Census Tract 49.02, King County, Washington",3086,665,382,21.55,12.37,1611,416,52.2,13.47,810,331,26.25,10.72,1,79.5,0
1400000US53033005000,53,33,5000,"Census Tract 50, King County, Washington",4454,1187,566,26.65,12.71,1700,627,38.17,14.08,1567,524,35.18,11.76,1,79.5,0
1400000US53033005100,53,33,5100,"Census Tract 51, King County, Washington",3917,919,444,23.46,11.32,2174,492,55.5,12.56,824,417,21.04,10.64,1,79.5,0
1400000US53033005201,53,33,5201,"Census Tract 52.01, King County, Washington",3881,596,482,15.36,12.41,1662,534,42.82,13.76,1623,440,41.82,11.33,1,79.5,0
1400000US53033005202,53,33,5202,"Census Tract 52.02, King County, Washington",3705,612,548,16.52,14.78,1464,601,39.51,16.22,1629,461,43.97,12.44,1,79.5,0
1400000US53033005303,53,33,5303,"Census Tract 53.03, King County, Washington",193,35,30,18.13,15.75,100,34,51.81,17.82,58,28,30.05,14.61,1,79.5,0
1400000US53033005304,53,33,5304,"Census Tract 53.04, King County, Washington",137,25,22,18.25,15.91,52,25,37.96,18.18,60,20,43.8,14.89,1,79.5,0
1400000US53033005305,53,33,5305,"Census Tract 53.05, King County, Washington",2586,410,355,15.85,13.74,746,391,28.85,15.1,1430,302,55.3,11.67,1,79.5,0
1400000US53033005306,53,33,5306,"Census Tract 53.06, King County, Washington",3162,493,458,15.59,14.48,1401,509,44.31,16.1,1268,406,40.1,12.82,1,79.5,0
1400000US53033005307,53,33,5307,"Census Tract 53.07, King County, Washington",1221,204,180,16.71,14.77,377,197,30.88,16.12,640,153,52.42,12.55,1,79.5,0
1400000US53033005401,53,33,5401,"Census Tract 54.01, King County, Washington",3789,815,503,21.51,13.27,2033,550,53.66,14.52,941,445,24.84,11.75,1,79.5,0
1400000US53033005402,53,33,5402,"Census Tract 54.02, King County, Washington",3199,573,391,17.91,12.21,1722,426,53.83,13.31,904,342,28.26,10.68,1,79.5,0
1400000US53033005600,53,33,5600,"Census Tract 56, King County, Washington",6967,1369,756,19.65,10.85,4057,862,58.23,12.38,1541,775,22.12,11.13,1,79.5,0
1400000US53033005700,53,33,5700,"Census Tract 57, King County, Washington",6445,1392,724,21.6,11.23,3738,814,58,12.63,1315,712,20.4,11.05,1,79.5,0
1400000US53033005801,53,33,5801,"Census Tract 58.01, King County, Washington",6021,804,719,13.35,11.94,4055,795,67.35,13.21,1162,656,19.3,10.9,1,79.5,0
1400000US53033005803,53,33,5803,"Census Tract 58.03, King County, Washington",3295,824,401,25.01,12.16,1824,448,55.36,13.58,647,380,19.64,11.54,1,79.5,0
1400000US53033005804,53,33,5804,"Census Tract 58.04, King County, Washington",2966,579,377,19.52,12.72,1380,420,46.53,14.15,1007,347,33.95,11.71,1,79.5,0
1400000US53033005901,53,33,5901,"Census Tract 59.01, King County, Washington",2311,963,275,41.67,11.9,973,305,42.1,13.2,375,255,16.23,11.05,1,79.5,0
1400000US53033005902,53,33,5902,"Census Tract 59.02, King County, Washington",4031,862,442,21.38,10.97,2132,491,52.89,12.18,1037,416,25.73,10.33,1,79.5,0
1400000US53033006000,53,33,6000,"Census Tract 60, King County, Washington",5808,1092,682,18.8,11.73,3537,763,60.9,13.14,1179,665,20.3,11.45,1,79.5,0
1400000US53033006100,53,33,6100,"Census Tract 61, King County, Washington",5575,828,660,14.85,11.84,3400,733,60.99,13.15,1347,620,24.16,11.12,1,79.5,0
1400000US53033006200,53,33,6200,"Census Tract 62, King County, Washington",3965,1248,426,31.48,10.75,1894,481,47.77,12.13,823,424,20.76,10.7,1,79.5,0
1400000US53033006300,53,33,6300,"Census Tract 63, King County, Washington",5426,1192,659,21.97,12.14,2421,767,44.62,14.14,1813,718,33.41,13.23,1,79.5,0
1400000US53033006400,53,33,6400,"Census Tract 64, King County, Washington",3334,951,388,28.52,11.62,1669,433,50.06,13,714,375,21.42,11.25,1,79.5,0
1400000US53033006500,53,33,6500,"Census Tract 65, King County, Washington",4586,790,534,17.23,11.64,2660,594,58,12.95,1136,506,24.77,11.03,1,79.5,0
1400000US53033006600,53,33,6600,"Census Tract 66, King County, Washington",4012,699,522,17.42,13.01,2603,574,64.88,14.3,710,467,17.7,11.64,1,79.5,0
1400000US53033006701,53,33,6701,"Census Tract 67.01, King County, Washington",4141,595,570,14.37,13.77,2250,626,54.33,15.11,1296,485,31.3,11.72,1,79.5,0
1400000US53033006702,53,33,6702,"Census Tract 67.02, King County, Washington",3276,448,444,13.68,13.57,1955,496,59.68,15.13,873,409,26.65,12.48,1,79.5,0
1400000US53033006703,53,33,6703,"Census Tract 67.03, King County, Washington",3212,512,398,15.94,12.38,1823,442,56.76,13.76,877,373,27.3,11.6,1,79.5,0
1400000US53033006800,53,33,6800,"Census Tract 68, King County, Washington",3262,1164,401,35.68,12.29,1341,445,41.11,13.64,757,377,23.21,11.54,1,79.5,0
1400000US53033006900,53,33,6900,"Census Tract 69, King County, Washington",4589,1222,577,26.63,12.58,2419,643,52.71,14.01,948,549,20.66,11.97,1,79.5,0
1400000US53033007001,53,33,7001,"Census Tract 70.01, King County, Washington",3722,995,444,26.73,11.94,1507,512,40.49,13.75,1220,473,32.78,12.7,1,79.5,0
1400000US53033007002,53,33,7002,"Census Tract 70.02, King County, Washington",3928,682,483,17.36,12.29,1984,536,50.51,13.64,1262,450,32.13,11.45,1,79.5,0
1400000US53033007101,53,33,7101,"Census Tract 71.01, King County, Washington",3213,463,443,14.41,13.78,1877,486,58.42,15.12,873,387,27.17,12.03,1,79.5,0
1400000US53033007102,53,33,7102,"Census Tract 71.02, King County, Washington",2658,331,342,12.45,12.87,1459,378,54.89,14.22,868,307,32.66,11.55,1,79.5,0
1400000US53033007201,53,33,7201,"Census Tract 72.01, King County, Washington",4726,721,627,15.26,13.27,2201,694,46.57,14.68,1804,559,38.17,11.82,1,79.5,0
1400000US53033007202,53,33,7202,"Census Tract 72.02, King County, Washington",4214,606,556,14.38,13.2,2498,626,59.28,14.85,1110,527,26.34,12.5,1,79.5,0
1400000US53033007203,53,33,7203,"Census Tract 72.03, King County, Washington",3493,667,449,19.1,12.86,1907,494,54.59,14.14,919,383,26.31,10.98,1,79.5,0
1400000US53033007301,53,33,7301,"Census Tract 73.01, King County, Washington",3807,538,522,14.13,13.71,1822,576,47.86,15.12,1447,455,38.01,11.96,1,79.5,0
1400000US53033007302,53,33,7302,"Census Tract 73.02, King County, Washington",5087,655,666,12.88,13.09,2878,735,56.58,14.44,1554,587,30.55,11.55,1,79.5,0
1400000US53033007303,53,33,7303,"Census Tract 73.03, King County, Washington",3954,451,497,11.41,12.57,1759,567,44.49,14.35,1744,504,44.11,12.75,1,79.5,0
1400000US53033007403,53,33,7403,"Census Tract 74.03, King County, Washington",2520,310,320,12.3,12.7,1536,350,60.95,13.89,674,279,26.75,11.07,1,79.5,0
1400000US53033007404,53,33,7404,"Census Tract 74.04, King County, Washington",2757,353,357,12.8,12.95,1237,390,44.87,14.16,1167,313,42.33,11.36,1,79.5,0
1400000US53033007405,53,33,7405,"Census Tract 74.05, King County, Washington",2790,454,409,16.27,14.67,1631,450,58.46,16.12,705,360,25.27,12.9,1,79.5,0
1400000US53033007406,53,33,7406,"Census Tract 74.06, King County, Washington",2572,335,338,13.02,13.13,1460,372,56.77,14.44,777,302,30.21,11.73,1,79.5,0
1400000US53033007501,53,33,7501,"Census Tract 75.01, King County, Washington",3872,558,518,14.41,13.37,2104,572,54.34,14.76,1210,472,31.25,12.19,1,79.5,0
1400000US53033007502,53,33,7502,"Census Tract 75.02, King County, Washington",3446,628,470,18.22,13.64,1602,515,46.49,14.94,1216,411,35.29,11.92,1,79.5,0
1400000US53033007503,53,33,7503,"Census Tract 75.03, King County, Washington",2450,401,341,16.37,13.92,1213,370,49.51,15.12,836,283,34.12,11.56,1,79.5,0
1400000US53033007600,53,33,7600,"Census Tract 76, King County, Washington",4270,923,575,21.62,13.47,2358,641,55.22,15.02,989,550,23.16,12.88,1,79.5,0
1400000US53033007700,53,33,7700,"Census Tract 77, King County, Washington",5332,1751,665,32.84,12.47,2657,740,49.83,13.89,924,626,17.33,11.73,1,79.5,0
1400000US53033007800,53,33,7800,"Census Tract 78, King County, Washington",5185,930,610,17.94,11.77,3174,694,61.22,13.38,1081,623,20.85,12.01,1,79.5,0
1400000US53033007901,53,33,7901,"Census Tract 79.01, King County, Washington",2794,319,350,11.42,12.54,1360,397,48.68,14.22,1115,347,39.91,12.43,1,79.5,0
1400000US53033007902,53,33,7902,"Census Tract 79.02, King County, Washington",3662,609,474,16.63,12.95,1961,526,53.55,14.37,1092,434,29.82,11.85,1,79.5,0
1400000US53033008002,53,33,8002,"Census Tract 80.02, King County, Washington",4436,649,536,14.63,12.08,1603,608,36.14,13.69,2184,529,49.23,11.93,1,79.5,0
1400000US53033008003,53,33,8003,"Census Tract 80.03, King County, Washington",4154,570,524,13.72,12.6,2085,588,50.19,14.16,1499,498,36.09,11.99,1,79.5,0
1400000US53033008004,53,33,8004,"Census Tract 80.04, King County, Washington",3437,651,489,18.94,14.24,1539,546,44.78,15.87,1247,454,36.28,13.21,1,79.5,0
1400000US53033008101,53,33,8101,"Census Tract 81.01, King County, Washington",2814,453,348,16.1,12.37,1226,410,43.57,14.56,1135,377,40.33,13.41,1,79.5,0
1400000US53033008102,53,33,8102,"Census Tract 81.02, King County, Washington",2917,329,360,11.28,12.33,1153,401,39.53,13.76,1435,341,49.19,11.68,1,79.5,0
1400000US53033008200,53,33,8200,"Census Tract 82, King County, Washington",4841,524,547,10.82,11.29,2578,629,53.25,12.99,1739,579,35.92,11.97,1,79.5,0
1400000US53033008300,53,33,8300,"Census Tract 83, King County, Washington",3438,498,439,14.49,12.77,1790,501,52.07,14.58,1150,444,33.45,12.9,1,79.5,0
1400000US53033008401,53,33,8401,"Census Tract 84.01, King County, Washington",3486,546,461,15.66,13.22,1806,524,51.81,15.03,1134,451,32.53,12.95,1,79.5,0
1400000US53033008402,53,33,8402,"Census Tract 84.02, King County, Washington",2935,443,411,15.09,14,1625,447,55.37,15.22,867,346,29.54,11.78,1,79.5,0
1400000US53033008500,53,33,8500,"Census Tract 85, King County, Washington",3694,384,454,10.4,12.3,1150,547,31.13,14.8,2160,512,58.47,13.87,1,79.5,0
1400000US53033008600,53,33,8600,"Census Tract 86, King County, Washington",5258,697,676,13.26,12.86,2617,756,49.77,14.37,1944,626,36.97,11.9,1,79.5,0
1400000US53033008700,53,33,8700,"Census Tract 87, King County, Washington",4224,631,540,14.94,12.78,2579,604,61.06,14.3,1014,506,24.01,11.99,1,79.5,0
1400000US53033008800,53,33,8800,"Census Tract 88, King County, Washington",3780,985,427,26.06,11.29,2086,480,55.19,12.69,709,413,18.76,10.92,1,79.5,0
1400000US53033008900,53,33,8900,"Census Tract 89, King County, Washington",5488,870,628,15.85,11.45,3050,716,55.58,13.05,1568,628,28.57,11.43,2,79.8,1
1400000US53033009000,53,33,9000,"Census Tract 90, King County, Washington",4367,549,525,12.57,12.01,2015,620,46.14,14.2,1803,568,41.29,13,2,79.8,1
1400000US53033009100,53,33,9100,"Census Tract 91, King County, Washington",3059,313,376,10.23,12.28,940,458,30.73,14.96,1806,435,59.04,14.22,2,79.8,1
1400000US53033009200,53,33,9200,"Census Tract 92, King County, Washington",3447,354,419,10.27,12.15,1120,497,32.49,14.4,1973,460,57.24,13.35,2,79.8,1
1400000US53033009300,53,33,9300,"Census Tract 93, King County, Washington",3628,835,429,23.02,11.82,1498,497,41.29,13.7,1295,423,35.69,11.65,2,79.8,1
1400000US53033009400,53,33,9400,"Census Tract 94, King County, Washington",6634,1460,785,22.01,11.83,3641,905,54.88,13.64,1533,797,23.11,12.01,2,79.8,1
1400000US53033009500,53,33,9500,"Census Tract 95, King County, Washington",6731,1353,776,20.1,11.53,2429,894,36.09,13.28,2949,804,43.81,11.94,2,79.8,1
1400000US53033009600,53,33,9600,"Census Tract 96, King County, Washington",5741,915,631,15.94,10.99,2070,730,36.06,12.72,2756,676,48.01,11.77,2,79.8,1
1400000US53033009701,53,33,9701,"Census Tract 97.01, King County, Washington",5840,1394,675,23.87,11.55,3483,755,59.64,12.93,963,666,16.49,11.41,2,79.8,1
1400000US53033009702,53,33,9702,"Census Tract 97.02, King County, Washington",5746,1280,667,22.28,11.62,2899,746,50.45,12.99,1567,650,27.27,11.32,2,79.8,1
1400000US53033009801,53,33,9801,"Census Tract 98.01, King County, Washington",3745,973,430,25.98,11.47,1839,477,49.11,12.73,933,405,24.91,10.8,2,79.8,1
1400000US53033009802,53,33,9802,"Census Tract 98.02, King County, Washington",3438,644,401,18.73,11.68,2143,445,62.33,12.96,651,378,18.94,11,2,79.8,1
1400000US53033009900,53,33,9900,"Census Tract 99, King County, Washington",6181,2039,711,32.99,11.51,2280,793,36.89,12.82,1862,665,30.12,10.76,2,79.8,1
1400000US53033010001,53,33,10001,"Census Tract 100.01, King County, Washington",4673,584,486,12.5,10.4,2167,587,46.37,12.57,1922,552,41.13,11.8,2,79.8,1
1400000US53033010002,53,33,10002,"Census Tract 100.02, King County, Washington",4930,755,638,15.31,12.93,2582,741,52.37,15.03,1593,656,32.31,13.31,2,79.8,1
1400000US53033010101,53,33,10101,"Census Tract 101.01, King County, Washington",4413,644,486,14.59,11.01,1995,588,45.21,13.33,1774,548,40.2,12.42,2,79.8,1
1400000US53033010102,53,33,10102,"Census Tract 101.02, King County, Washington",4397,1349,457,30.68,10.38,1715,536,39,12.19,1333,491,30.32,11.16,2,79.8,1
1400000US53033010200,53,33,10200,"Census Tract 102, King County, Washington",5009,1313,572,26.21,11.43,2353,660,46.98,13.17,1343,597,26.81,11.92,2,79.8,1
1400000US53033010301,53,33,10301,"Census Tract 103.01, King County, Washington",3877,958,438,24.71,11.3,1840,513,47.46,13.23,1079,468,27.83,12.06,2,79.8,1
1400000US53033010302,53,33,10302,"Census Tract 103.02, King County, Washington",3759,590,499,15.7,13.26,2041,562,54.3,14.94,1128,479,30.01,12.75,2,79.8,1
1400000US53033010401,53,33,10401,"Census Tract 104.01, King County, Washington",4677,1063,479,22.73,10.24,2421,569,51.76,12.17,1193,521,25.51,11.13,2,79.8,1
1400000US53033010402,53,33,10402,"Census Tract 104.02, King County, Washington",5211,1302,572,24.99,10.98,2147,675,41.2,12.95,1762,610,33.81,11.7,2,79.8,1
1400000US53033010501,53,33,10501,"Census Tract 105.01, King County, Washington",4726,518,579,10.96,12.24,2959,653,62.61,13.81,1249,571,26.43,12.09,2,79.8,1
1400000US53033010502,53,33,10502,"Census Tract 105.02, King County, Washington",5200,664,622,12.77,11.96,2356,700,45.31,13.45,2180,612,41.92,11.76,2,79.8,1
1400000US53033010601,53,33,10601,"Census Tract 106.01, King County, Washington",3999,883,454,22.08,11.35,2185,512,54.64,12.81,931,448,23.28,11.2,2,79.8,1
1400000US53033010602,53,33,10602,"Census Tract 106.02, King County, Washington",3903,974,432,24.96,11.06,1934,488,49.55,12.5,995,432,25.49,11.07,2,79.8,1
1400000US53033010701,53,33,10701,"Census Tract 107.01, King County, Washington",4144,670,457,16.17,11.02,1246,526,30.07,12.69,2228,461,53.76,11.12,2,79.8,1
1400000US53033010702,53,33,10702,"Census Tract 107.02, King County, Washington",4571,1136,498,24.85,10.88,2027,597,44.34,13.05,1408,542,30.8,11.87,2,79.8,1
1400000US53033010800,53,33,10800,"Census Tract 108, King County, Washington",5066,962,536,18.99,10.58,3232,610,63.8,12.04,872,529,17.21,10.45,2,79.8,1
1400000US53033010900,53,33,10900,"Census Tract 109, King County, Washington",1438,202,197,14.05,13.68,915,218,63.63,15.13,321,181,22.32,12.61,2,79.8,1
1400000US53033011001,53,33,11001,"Census Tract 110.01, King County, Washington",4966,594,531,11.96,10.69,1498,660,30.17,13.28,2874,621,57.87,12.51,2,79.8,1
1400000US53033011002,53,33,11002,"Census Tract 110.02, King County, Washington",4777,793,503,16.6,10.52,1911,608,40,12.73,2073,557,43.4,11.66,2,79.8,1
1400000US53033011101,53,33,11101,"Census Tract 111.01, King County, Washington",5932,1974,720,33.28,12.14,2054,856,34.63,14.44,1904,778,32.1,13.12,2,79.8,1
1400000US53033011102,53,33,11102,"Census Tract 111.02, King County, Washington",4697,755,535,16.07,11.4,1979,637,42.13,13.56,1963,588,41.79,12.52,2,79.8,1
1400000US53033011200,53,33,11200,"Census Tract 112, King County, Washington",3783,423,457,11.18,12.08,1989,547,52.58,14.45,1371,491,36.24,12.98,2,79.8,1
1400000US53033011300,53,33,11300,"Census Tract 113, King County, Washington",6623,2794,727,42.19,10.97,2059,852,31.09,12.86,1770,769,26.73,11.61,2,79.8,1
1400000US53033011401,53,33,11401,"Census Tract 114.01, King County, Washington",4221,885,490,20.97,11.6,1966,560,46.58,13.26,1370,484,32.46,11.48,2,79.8,1
1400000US53033011402,53,33,11402,"Census Tract 114.02, King County, Washington",4241,989,460,23.32,10.84,2061,551,48.6,13,1191,502,28.08,11.83,2,79.8,1
1400000US53033011500,53,33,11500,"Census Tract 115, King County, Washington",4358,942,490,21.62,11.24,2768,546,63.52,12.52,648,464,14.87,10.65,2,79.8,1
1400000US53033011601,53,33,11601,"Census Tract 116.01, King County, Washington",3486,677,387,19.42,11.11,2102,442,60.3,12.66,707,395,20.28,11.33,2,79.8,1
1400000US53033011602,53,33,11602,"Census Tract 116.02, King County, Washington",3240,973,360,30.03,11.11,1538,407,47.47,12.57,729,364,22.5,11.23,2,79.8,1
1400000US53033011700,53,33,11700,"Census Tract 117, King County, Washington",5878,728,588,12.39,10,2523,708,42.92,12.04,2627,649,44.69,11.04,2,79.8,1
1400000US53033011801,53,33,11801,"Census Tract 118.01, King County, Washington",3894,856,413,21.98,10.6,1855,496,47.64,12.73,1183,452,30.38,11.6,2,79.8,1
1400000US53033011802,53,33,11802,"Census Tract 118.02, King County, Washington",4306,762,475,17.7,11.03,1460,582,33.91,13.52,2084,540,48.4,12.54,2,79.8,1
1400000US53033011901,53,33,11901,"Census Tract 119.01, King County, Washington",3841,817,481,21.27,12.53,1573,580,40.95,15.11,1451,535,37.78,13.94,2,79.8,1
1400000US53033011902,53,33,11902,"Census Tract 119.02, King County, Washington",3932,607,425,15.44,10.82,2110,503,53.66,12.8,1215,462,30.9,11.74,2,79.8,1
1400000US53033012000,53,33,12000,"Census Tract 120, King County, Washington",3474,457,411,13.15,11.82,2192,460,63.1,13.24,825,398,23.75,11.45,2,79.8,1
1400000US53033012100,53,33,12100,"Census Tract 121, King County, Washington",2745,661,306,24.08,11.16,1268,352,46.19,12.82,816,322,29.73,11.73,2,79.8,1
1400000US53033020100,53,33,20100,"Census Tract 201, King County, Washington",3291,896,366,27.23,11.11,1522,424,46.25,12.88,873,396,26.53,12.03,1,79.5,0
1400000US53033020200,53,33,20200,"Census Tract 202, King County, Washington",5835,1510,616,25.88,10.55,2756,733,47.23,12.56,1569,687,26.89,11.77,1,79.5,0
1400000US53033020301,53,33,20301,"Census Tract 203.01, King County, Washington",3768,795,439,21.1,11.65,1714,507,45.49,13.47,1259,449,33.41,11.92,1,79.5,0
1400000US53033020302,53,33,20302,"Census Tract 203.02, King County, Washington",3735,977,423,26.16,11.33,1278,500,34.22,13.39,1480,459,39.63,12.3,1,79.5,0
1400000US53033020401,53,33,20401,"Census Tract 204.01, King County, Washington",3888,1148,434,29.53,11.17,1617,495,41.59,12.73,1123,432,28.88,11.11,1,79.5,0
1400000US53033020402,53,33,20402,"Census Tract 204.02, King County, Washington",5620,1655,649,29.45,11.54,2585,744,46,13.24,1380,663,24.56,11.8,1,79.5,0
1400000US53033020500,53,33,20500,"Census Tract 205, King County, Washington",7422,1762,806,23.74,10.86,3253,935,43.83,12.59,2407,841,32.43,11.33,1,79.5,0
1400000US53033020600,53,33,20600,"Census Tract 206, King County, Washington",3824,869,427,22.72,11.16,2114,492,55.28,12.86,841,438,21.99,11.45,1,79.5,0
1400000US53033020700,53,33,20700,"Census Tract 207, King County, Washington",4170,1088,447,26.09,10.71,1907,516,45.73,12.36,1175,457,28.18,10.95,1,79.5,0
1400000US53033020800,53,33,20800,"Census Tract 208, King County, Washington",4541,1892,467,41.66,10.28,1747,544,38.47,11.98,902,499,19.86,11,1,79.5,0
1400000US53033020900,53,33,20900,"Census Tract 209, King County, Washington",3559,740,407,20.79,11.43,1512,473,42.48,13.28,1307,430,36.72,12.07,1,79.5,0
1400000US53033021000,53,33,21000,"Census Tract 210, King County, Washington",5977,1142,671,19.11,11.22,3156,782,52.8,13.09,1679,706,28.09,11.82,1,79.5,0
1400000US53033021100,53,33,21100,"Census Tract 211, King County, Washington",4529,674,497,14.88,10.98,2062,587,45.53,12.95,1793,547,39.59,12.08,1,79.5,0
1400000US53033021300,53,33,21300,"Census Tract 213, King County, Washington",4009,809,427,20.18,10.65,2154,491,53.73,12.24,1046,440,26.09,10.97,1,79.5,0
1400000US53033021400,53,33,21400,"Census Tract 214, King County, Washington",3833,877,434,22.88,11.31,1884,494,49.15,12.89,1072,442,27.97,11.53,1,79.5,0
1400000US53033021500,53,33,21500,"Census Tract 215, King County, Washington",4543,2012,476,44.29,10.48,1780,546,39.18,12.01,751,493,16.53,10.85,1,79.5,0
1400000US53033021600,53,33,21600,"Census Tract 216, King County, Washington",5398,1084,620,20.08,11.49,2369,712,43.89,13.19,1945,636,36.03,11.78,1,79.5,0
1400000US53033021701,53,33,21701,"Census Tract 217.01, King County, Washington",4557,1592,492,34.94,10.8,2321,548,50.93,12.01,644,453,14.13,9.94,0,79.7,0
1400000US53033021702,53,33,21702,"Census Tract 217.02, King County, Washington",4627,902,522,19.49,11.28,1877,604,40.57,13.05,1848,535,39.94,11.57,0,79.7,0
1400000US53033021802,53,33,21802,"Census Tract 218.02, King County, Washington",6034,1493,735,24.74,12.18,3467,806,57.46,13.36,1074,668,17.8,11.08,0,79.7,0
1400000US53033021803,53,33,21803,"Census Tract 218.03, King County, Washington",6034,1952,693,32.35,11.48,2357,799,39.06,13.24,1725,717,28.59,11.87,0,79.7,0
1400000US53033021804,53,33,21804,"Census Tract 218.04, King County, Washington",5413,1759,615,32.5,11.37,2611,692,48.24,12.78,1043,592,19.27,10.93,0,79.7,0
1400000US53033021903,53,33,21903,"Census Tract 219.03, King County, Washington",6131,1228,728,20.03,11.87,2711,836,44.22,13.63,2192,742,35.75,12.1,0,79.7,0
1400000US53033021904,53,33,21904,"Census Tract 219.04, King County, Washington",5748,1093,666,19.02,11.58,3288,759,57.2,13.2,1367,657,23.78,11.42,0,79.7,0
1400000US53033021905,53,33,21905,"Census Tract 219.05, King County, Washington",5502,1902,637,34.57,11.58,2436,732,44.27,13.3,1164,643,21.16,11.69,0,79.7,0
1400000US53033021906,53,33,21906,"Census Tract 219.06, King County, Washington",4639,2215,508,47.75,10.96,1632,572,35.18,12.33,792,488,17.07,10.52,0,79.7,0
1400000US53033022001,53,33,22001,"Census Tract 220.01, King County, Washington",5542,947,650,17.09,11.73,3170,768,57.2,13.86,1425,707,25.71,12.75,0,79.7,0
1400000US53033022003,53,33,22003,"Census Tract 220.03, King County, Washington",5048,1153,554,22.84,10.97,2616,624,51.82,12.37,1279,536,25.34,10.62,0,79.7,0
1400000US53033022005,53,33,22005,"Census Tract 220.05, King County, Washington",5095,937,635,18.39,12.47,2489,714,48.85,14.02,1669,606,32.76,11.89,0,79.7,0
1400000US53033022006,53,33,22006,"Census Tract 220.06, King County, Washington",3900,419,436,10.74,11.19,2438,494,62.51,12.68,1043,434,26.74,11.14,0,79.7,0
1400000US53033022101,53,33,22101,"Census Tract 221.01, King County, Washington",5174,2121,548,40.99,10.59,1943,622,37.55,12.03,1110,551,21.45,10.65,1,79.5,0
1400000US53033022102,53,33,22102,"Census Tract 221.02, King County, Washington",6811,2125,770,31.2,11.31,3303,859,48.5,12.61,1383,725,20.31,10.65,0,79.7,0
1400000US53033022201,53,33,22201,"Census Tract 222.01, King County, Washington",4492,859,459,19.12,10.22,2853,514,63.51,11.43,780,440,17.36,9.79,0,79.7,0
1400000US53033022203,53,33,22203,"Census Tract 222.03, King County, Washington",5337,1829,635,34.27,11.9,2628,713,49.24,13.35,880,614,16.49,11.51,0,79.7,0
1400000US53033022204,53,33,22204,"Census Tract 222.04, King County, Washington",3764,1011,417,26.86,11.07,1937,473,51.46,12.56,816,413,21.68,10.96,0,79.7,0
1400000US53033022205,53,33,22205,"Census Tract 222.05, King County, Washington",4023,911,548,22.64,13.61,2375,612,59.04,15.22,737,519,18.32,12.9,0,79.7,0
1400000US53033022300,53,33,22300,"Census Tract 223, King County, Washington",2760,812,331,29.42,11.98,1335,379,48.37,13.72,613,343,22.21,12.42,1,79.5,0
1400000US53033022401,53,33,22401,"Census Tract 224.01, King County, Washington",3967,1513,456,38.14,11.49,1724,507,43.46,12.78,730,427,18.4,10.77,0,79.7,0
1400000US53033022402,53,33,22402,"Census Tract 224.02, King County, Washington",5442,1221,663,22.44,12.18,2981,742,54.78,13.63,1240,641,22.79,11.78,0,79.7,0
1400000US53033022501,53,33,22501,"Census Tract 225.01, King County, Washington",4325,1040,501,24.05,11.57,2080,558,48.09,12.91,1205,473,27.86,10.93,0,79.7,0
1400000US53033022502,53,33,22502,"Census Tract 225.02, King County, Washington",4700,722,577,15.36,12.27,2921,667,62.15,14.2,1057,604,22.49,12.85,0,79.7,0
1400000US53033022603,53,33,22603,"Census Tract 226.03, King County, Washington",6468,1652,762,25.54,11.77,2472,857,38.22,13.26,2344,729,36.24,11.27,0,79.7,0
1400000US53033022604,53,33,22604,"Census Tract 226.04, King County, Washington",5197,1566,564,30.13,10.86,2500,630,48.1,12.11,1131,528,21.76,10.15,0,79.7,0
1400000US53033022605,53,33,22605,"Census Tract 226.05, King County, Washington",6331,1134,723,17.91,11.42,2217,812,35.02,12.82,2980,673,47.07,10.63,0,79.7,0
1400000US53033022606,53,33,22606,"Census Tract 226.06, King County, Washington",6070,919,664,15.14,10.94,4266,755,70.28,12.44,885,655,14.58,10.79,0,79.7,0
1400000US53033022701,53,33,22701,"Census Tract 227.01, King County, Washington",3260,505,384,15.49,11.78,1752,440,53.74,13.5,1003,395,30.77,12.1,0,79.7,0
1400000US53033022702,53,33,22702,"Census Tract 227.02, King County, Washington",3513,876,421,24.94,11.98,1965,475,55.94,13.51,672,414,19.13,11.78,0,79.7,0
1400000US53033022703,53,33,22703,"Census Tract 227.03, King County, Washington",2625,937,282,35.7,10.72,1364,317,51.96,12.08,324,272,12.34,10.35,0,79.7,0
1400000US53033022802,53,33,22802,"Census Tract 228.02, King County, Washington",5535,1444,659,26.09,11.91,3062,740,55.32,13.36,1029,623,18.59,11.25,0,79.7,0
1400000US53033022803,53,33,22803,"Census Tract 228.03, King County, Washington",7761,1050,865,13.53,11.14,5461,975,70.36,12.57,1250,811,16.11,10.45,0,79.7,0
1400000US53033022804,53,33,22804,"Census Tract 228.04, King County, Washington",5082,520,607,10.23,11.95,3745,699,73.69,13.76,817,595,16.08,11.7,0,79.7,0
1400000US53033022805,53,33,22805,"Census Tract 228.05, King County, Washington",4272,898,500,21.02,11.7,2510,569,58.75,13.31,864,484,20.22,11.33,0,79.7,0
1400000US53033022901,53,33,22901,"Census Tract 229.01, King County, Washington",3018,496,350,16.43,11.58,1944,403,64.41,13.35,578,360,19.15,11.94,0,79.7,0
1400000US53033022902,53,33,22902,"Census Tract 229.02, King County, Washington",6809,1680,766,24.67,11.24,4082,867,59.95,12.73,1047,751,15.38,11.02,0,79.7,0
1400000US53033023000,53,33,23000,"Census Tract 230, King County, Washington",7240,1975,779,27.28,10.76,3706,887,51.19,12.26,1559,769,21.53,10.62,0,78.5,0
1400000US53033023100,53,33,23100,"Census Tract 231, King County, Washington",4177,912,456,21.83,10.91,2558,525,61.24,12.56,707,464,16.93,11.1,0,78.5,0
1400000US53033023201,53,33,23201,"Census Tract 232.01, King County, Washington",6858,1735,747,25.3,10.89,3731,865,54.4,12.61,1392,749,20.3,10.92,0,78.5,0
1400000US53033023202,53,33,23202,"Census Tract 232.02, King County, Washington",5143,774,596,15.05,11.59,2269,721,44.12,14.01,2100,657,40.83,12.77,0,78.5,0
1400000US53033023300,53,33,23300,"Census Tract 233, King County, Washington",6911,1823,727,26.38,10.51,4038,837,58.43,12.11,1050,741,15.19,10.72,0,78.5,0
1400000US53033023401,53,33,23401,"Census Tract 234.01, King County, Washington",4053,918,444,22.65,10.96,1537,514,37.92,12.69,1598,455,39.43,11.24,0,78.5,0
1400000US53033023403,53,33,23403,"Census Tract 234.03, King County, Washington",4372,781,491,17.86,11.23,2324,547,53.16,12.5,1267,475,28.98,10.87,0,78.5,0
1400000US53033023404,53,33,23404,"Census Tract 234.04, King County, Washington",3376,1427,387,42.27,11.45,1198,425,35.49,12.59,751,361,22.25,10.69,0,78.5,0
1400000US53033023500,53,33,23500,"Census Tract 235, King County, Washington",4077,871,473,21.36,11.61,1718,538,42.14,13.2,1488,466,36.5,11.43,0,78.5,0
1400000US53033023601,53,33,23601,"Census Tract 236.01, King County, Washington",4471,789,501,17.65,11.21,2398,581,53.63,13,1284,517,28.72,11.57,0,78.5,0
1400000US53033023603,53,33,23603,"Census Tract 236.03, King County, Washington",6880,1230,783,17.88,11.37,2570,902,37.35,13.1,3080,771,44.77,11.21,0,78.5,0
1400000US53033023604,53,33,23604,"Census Tract 236.04, King County, Washington",6679,1770,727,26.5,10.88,2404,845,35.99,12.65,2505,741,37.51,11.09,0,78.5,0
1400000US53033023701,53,33,23701,"Census Tract 237.01, King County, Washington",4249,1081,472,25.44,11.12,2298,536,54.08,12.6,870,465,20.48,10.93,0,79.7,0
1400000US53033023702,53,33,23702,"Census Tract 237.02, King County, Washington",1195,238,160,19.92,13.36,576,176,48.2,14.75,381,138,31.88,11.55,0,79.7,0
1400000US53033023801,53,33,23801,"Census Tract 238.01, King County, Washington",3565,732,428,20.53,12,2139,480,60,13.47,694,401,19.47,11.25,0,78.5,0
1400000US53033023805,53,33,23805,"Census Tract 238.05, King County, Washington",3137,362,380,11.54,12.12,2101,434,66.97,13.83,674,374,21.49,11.91,0,78.5,0
1400000US53033023806,53,33,23806,"Census Tract 238.06, King County, Washington",3195,365,404,11.42,12.63,1653,464,51.74,14.52,1177,407,36.84,12.75,0,78.5,0
1400000US53033023807,53,33,23807,"Census Tract 238.07, King County, Washington",5836,1025,671,17.56,11.5,3398,770,58.22,13.2,1413,677,24.21,11.61,0,78.5,0
1400000US53033023808,53,33,23808,"Census Tract 238.08, King County, Washington",2945,450,377,15.28,12.79,1428,421,48.49,14.3,1067,344,36.23,11.68,0,78.5,0
1400000US53033023901,53,33,23901,"Census Tract 239.01, King County, Washington",4548,1521,438,33.44,9.64,2209,505,48.57,11.09,818,449,17.99,9.87,2,79.8,1
1400000US53033023902,53,33,23902,"Census Tract 239.02, King County, Washington",3023,1421,372,47.01,12.3,1036,421,34.27,13.94,566,369,18.72,12.22,0,78.5,0
1400000US53033024001,53,33,24001,"Census Tract 240.01, King County, Washington",4841,2155,523,44.52,10.8,1506,597,31.11,12.33,1180,517,24.38,10.68,0,79.7,0
1400000US53033024002,53,33,24002,"Census Tract 240.02, King County, Washington",4277,790,495,18.47,11.57,2489,571,58.19,13.36,998,505,23.33,11.81,2,79.8,1
1400000US53033024100,53,33,24100,"Census Tract 241, King County, Washington",4685,2193,385,46.81,8.22,1753,439,37.42,9.36,739,388,15.77,8.27,1,79.5,0
1400000US53033024200,53,33,24200,"Census Tract 242, King County, Washington",2881,805,288,27.94,10,1575,330,54.67,11.45,501,294,17.39,10.2,1,79.5,0
1400000US53033024301,53,33,24301,"Census Tract 243.01, King County, Washington",5186,790,618,15.23,11.91,2438,725,47.01,13.97,1958,668,37.76,12.89,2,79.8,1
1400000US53033024302,53,33,24302,"Census Tract 243.02, King County, Washington",3922,1046,427,26.67,10.89,2172,490,55.38,12.5,704,440,17.95,11.23,2,79.8,1
1400000US53033024400,53,33,24400,"Census Tract 244, King County, Washington",3050,446,344,14.62,11.29,1398,401,45.84,13.13,1206,363,39.54,11.9,2,79.8,1
1400000US53033024500,53,33,24500,"Census Tract 245, King County, Washington",5155,1703,509,33.04,9.86,2545,583,49.37,11.31,907,522,17.59,10.12,2,79.8,1
1400000US53033024601,53,33,24601,"Census Tract 246.01, King County, Washington",4609,1239,494,26.88,10.73,2306,538,50.03,11.68,1064,454,23.09,9.84,2,79.8,1
1400000US53033024602,53,33,24602,"Census Tract 246.02, King County, Washington",3686,1030,415,27.94,11.25,2108,462,57.19,12.54,548,405,14.87,11,2,79.8,1
1400000US53033024701,53,33,24701,"Census Tract 247.01, King County, Washington",4105,970,445,23.63,10.83,2233,508,54.4,12.37,902,440,21.97,10.72,0,78.5,0
1400000US53033024703,53,33,24703,"Census Tract 247.03, King County, Washington",3990,1344,463,33.68,11.61,1705,529,42.73,13.25,941,466,23.58,11.68,2,79.8,1
1400000US53033024704,53,33,24704,"Census Tract 247.04, King County, Washington",3837,1120,420,29.19,10.94,1699,493,44.28,12.84,1018,452,26.53,11.77,2,79.8,1
1400000US53033024800,53,33,24800,"Census Tract 248, King County, Washington",6406,1735,730,27.08,11.39,3515,833,54.87,13.01,1156,717,18.05,11.2,0,78.5,0
1400000US53033024901,53,33,24901,"Census Tract 249.01, King County, Washington",5471,1291,548,23.6,10.02,2574,639,47.05,11.69,1606,573,29.35,10.47,0,78.5,0
1400000US53033024902,53,33,24902,"Census Tract 249.02, King County, Washington",4226,987,478,23.36,11.31,2312,550,54.71,13,927,483,21.94,11.43,0,78.5,0
1400000US53033024904,53,33,24904,"Census Tract 249.04, King County, Washington",2970,566,314,19.06,10.56,1423,362,47.91,12.18,981,320,33.03,10.77,0,78.5,0
1400000US53033024905,53,33,24905,"Census Tract 249.05, King County, Washington",4179,1513,463,36.2,11.07,2048,532,49.01,12.73,618,470,14.79,11.24,0,78.5,0
1400000US53033025001,53,33,25001,"Census Tract 250.01, King County, Washington",5686,1305,630,22.95,11.07,3174,726,55.82,12.77,1207,644,21.23,11.33,0,78.5,0
1400000US53033025005,53,33,25005,"Census Tract 250.05, King County, Washington",6218,1681,702,27.03,11.29,3154,769,50.72,12.36,1383,639,22.24,10.27,0,78.5,0
1400000US53033025006,53,33,25006,"Census Tract 250.06, King County, Washington",6609,1782,712,26.96,10.77,2143,791,32.43,11.96,2684,681,40.61,10.3,0,78.5,0
1400000US53033025007,53,33,25007,"Census Tract 250.07, King County, Washington",4891,1262,568,25.8,11.6,2260,621,46.21,12.69,1369,515,27.99,10.53,0,78.5,0
1400000US53033025008,53,33,25008,"Census Tract 250.08, King County, Washington",2506,733,285,29.25,11.36,1295,317,51.68,12.63,478,275,19.07,10.95,0,78.5,0
1400000US53033025101,53,33,25101,"Census Tract 251.01, King County, Washington",6063,1427,677,23.54,11.16,3120,792,51.46,13.05,1516,702,25,11.58,0,78.5,0
1400000US53033025103,53,33,25103,"Census Tract 251.03, King County, Washington",5156,1386,576,26.88,11.17,2376,664,46.08,12.87,1394,576,27.04,11.18,0,78.5,0
1400000US53033025104,53,33,25104,"Census Tract 251.04, King County, Washington",4367,1726,501,39.52,11.47,2031,550,46.51,12.6,610,458,13.97,10.48,0,78.5,0
1400000US53033025201,53,33,25201,"Census Tract 252.01, King County, Washington",3981,839,432,21.08,10.86,2420,499,60.79,12.52,722,439,18.14,11.03,2,79.8,1
1400000US53033025202,53,33,25202,"Census Tract 252.02, King County, Washington",4715,1255,474,26.62,10.05,2348,560,49.8,11.88,1112,504,23.58,10.7,0,78.5,0
1400000US53033025302,53,33,25302,"Census Tract 253.02, King County, Washington",5386,597,587,11.08,10.89,1804,718,33.49,13.33,2985,675,55.42,12.54,2,79.8,1
1400000US53033025303,53,33,25303,"Census Tract 253.03, King County, Washington",3007,382,369,12.7,12.27,1650,426,54.87,14.16,975,369,32.42,12.28,2,79.8,1
1400000US53033025304,53,33,25304,"Census Tract 253.04, King County, Washington",3710,798,449,21.51,12.09,1896,515,51.11,13.88,1016,455,27.39,12.27,2,79.8,1
1400000US53033025401,53,33,25401,"Census Tract 254.01, King County, Washington",4044,760,486,18.79,12.01,1908,584,47.18,14.45,1376,522,34.03,12.9,2,79.8,1
1400000US53033025402,53,33,25402,"Census Tract 254.02, King County, Washington",3816,594,427,15.57,11.18,1621,504,42.48,13.21,1601,444,41.95,11.64,2,79.8,1
1400000US53033025500,53,33,25500,"Census Tract 255, King County, Washington",5379,1026,635,19.07,11.8,2633,754,48.95,14.02,1720,675,31.98,12.55,0,78.5,0
1400000US53033025601,53,33,25601,"Census Tract 256.01, King County, Washington",5468,692,644,12.66,11.78,3128,759,57.21,13.88,1648,679,30.14,12.42,2,79.8,1
1400000US53033025602,53,33,25602,"Census Tract 256.02, King County, Washington",7189,3405,830,47.36,11.54,2495,946,34.71,13.15,1289,822,17.93,11.43,0,78.5,0
1400000US53033025702,53,33,25702,"Census Tract 257.02, King County, Washington",3617,1238,409,34.23,11.31,1600,474,44.24,13.09,779,424,21.54,11.71,2,79.8,1
1400000US53033025703,53,33,25703,"Census Tract 257.03, King County, Washington",3460,346,411,10,11.89,2044,480,59.08,13.88,1070,424,30.92,12.24,2,79.8,1
1400000US53033025704,53,33,25704,"Census Tract 257.04, King County, Washington",2985,496,365,16.62,12.21,1597,426,53.5,14.28,892,386,29.88,12.94,2,79.8,1
1400000US53033025803,53,33,25803,"Census Tract 258.03, King County, Washington",5301,589,556,11.11,10.49,2998,658,56.56,12.41,1714,585,32.33,11.04,2,79.8,1
1400000US53033025804,53,33,25804,"Census Tract 258.04, King County, Washington",3772,501,468,13.28,12.41,2268,551,60.13,14.6,1003,494,26.59,13.09,2,79.8,1
1400000US53033025805,53,33,25805,"Census Tract 258.05, King County, Washington",5676,708,663,12.47,11.68,3625,774,63.87,13.64,1343,686,23.66,12.08,2,79.8,1
1400000US53033025806,53,33,25806,"Census Tract 258.06, King County, Washington",5430,939,570,17.29,10.49,2570,667,47.33,12.29,1921,595,35.38,10.95,2,79.8,1
1400000US53033026001,53,33,26001,"Census Tract 260.01, King County, Washington",5675,829,641,14.61,11.3,3322,769,58.54,13.56,1524,713,26.85,12.56,2,79.8,1
1400000US53033026003,53,33,26003,"Census Tract 260.03, King County, Washington",4692,485,524,10.34,11.16,2338,637,49.83,13.58,1869,580,39.83,12.35,2,79.8,1
1400000US53033026004,53,33,26004,"Census Tract 260.04, King County, Washington",4030,1315,420,32.63,10.43,1574,507,39.06,12.59,1141,471,28.31,11.68,2,79.8,1
1400000US53033026101,53,33,26101,"Census Tract 261.01, King County, Washington",4165,521,426,12.51,10.23,2120,510,50.9,12.25,1524,465,36.59,11.15,2,79.8,1
1400000US53033026102,53,33,26102,"Census Tract 261.02, King County, Washington",3761,631,445,16.78,11.83,1342,540,35.68,14.36,1788,497,47.54,13.2,2,79.8,1
1400000US53033026200,53,33,26200,"Census Tract 262, King County, Washington",6580,1200,750,18.24,11.4,3906,883,59.36,13.42,1474,782,22.4,11.88,2,79.8,1
1400000US53033026300,53,33,26300,"Census Tract 263, King County, Washington",1790,259,224,14.47,12.54,815,267,45.53,14.93,716,242,40,13.54,2,79.8,1
1400000US53033026400,53,33,26400,"Census Tract 264, King County, Washington",6050,687,667,11.36,11.03,1759,802,29.07,13.26,3604,723,59.57,11.95,2,79.8,1
1400000US53033026500,53,33,26500,"Census Tract 265, King County, Washington",4461,746,482,16.72,10.8,2477,582,55.53,13.05,1238,531,27.75,11.91,2,79.8,1
1400000US53033026600,53,33,26600,"Census Tract 266, King County, Washington",2508,441,277,17.58,11.04,1207,323,48.13,12.87,860,287,34.29,11.44,2,79.8,1
1400000US53033026700,53,33,26700,"Census Tract 267, King County, Washington",5809,1036,674,17.83,11.59,2701,795,46.5,13.69,2072,720,35.67,12.4,2,79.8,1
1400000US53033026801,53,33,26801,"Census Tract 268.01, King County, Washington",6712,1038,732,15.46,10.91,2756,886,41.06,13.2,2918,798,43.47,11.88,2,79.8,1
1400000US53033026802,53,33,26802,"Census Tract 268.02, King County, Washington",6371,825,698,12.95,10.96,4166,848,65.39,13.31,1380,770,21.66,12.08,2,79.8,1
1400000US53033027000,53,33,27000,"Census Tract 270, King County, Washington",3494,757,434,21.67,12.43,1400,516,40.07,14.77,1337,462,38.27,13.23,2,79.8,1
1400000US53033027100,53,33,27100,"Census Tract 271, King County, Washington",3841,451,425,11.74,11.07,1358,530,35.36,13.81,2032,498,52.9,12.96,2,79.8,1
1400000US53033027200,53,33,27200,"Census Tract 272, King County, Washington",2972,467,353,15.71,11.88,1286,425,43.27,14.29,1219,386,41.02,12.99,2,79.8,1
1400000US53033027300,53,33,27300,"Census Tract 273, King County, Washington",6823,1174,739,17.21,10.82,2635,881,38.62,12.92,3014,785,44.17,11.51,2,79.8,1
1400000US53033027400,53,33,27400,"Census Tract 274, King County, Washington",5870,1857,653,31.64,11.13,2387,781,40.66,13.31,1626,705,27.7,12.01,2,79.8,1
1400000US53033027500,53,33,27500,"Census Tract 275, King County, Washington",5028,584,545,11.61,10.85,2499,663,49.7,13.18,1945,619,38.68,12.3,2,79.8,1
1400000US53033027600,53,33,27600,"Census Tract 276, King County, Washington",4335,718,493,16.56,11.38,2066,572,47.66,13.2,1551,510,35.78,11.75,2,79.8,1
1400000US53033027701,53,33,27701,"Census Tract 277.01, King County, Washington",5764,1792,638,31.09,11.07,2388,713,41.43,12.36,1584,634,27.48,10.99,2,79.8,1
1400000US53033027702,53,33,27702,"Census Tract 277.02, King County, Washington",5085,1223,537,24.05,10.57,2438,618,47.94,12.15,1424,567,28,11.15,2,79.8,1
1400000US53033027800,53,33,27800,"Census Tract 278, King County, Washington",3260,747,345,22.91,10.57,1626,386,49.88,11.83,887,343,27.21,10.53,2,79.8,1
1400000US53033027901,53,33,27901,"Census Tract 279.01, King County, Washington",3704,774,414,20.9,11.18,1873,469,50.57,12.67,1057,416,28.54,11.24,2,79.8,1
1400000US53033027902,53,33,27902,"Census Tract 279.02, King County, Washington",3903,629,456,16.12,11.69,2195,554,56.24,14.19,1079,518,27.65,13.27,2,79.8,1
1400000US53033028000,53,33,28000,"Census Tract 280, King County, Washington",3851,423,449,10.98,11.65,2526,542,65.59,14.08,902,485,23.42,12.6,2,79.8,1
1400000US53033028100,53,33,28100,"Census Tract 281, King County, Washington",3015,255,337,8.46,11.16,1851,411,61.39,13.64,909,375,30.15,12.43,2,79.8,1
1400000US53033028200,53,33,28200,"Census Tract 282, King County, Washington",5244,869,636,16.57,12.13,2115,770,40.33,14.68,2260,703,43.1,13.4,2,79.8,1
1400000US53033028300,53,33,28300,"Census Tract 283, King County, Washington",6298,1446,767,22.96,12.18,2729,863,43.33,13.69,2123,744,33.71,11.81,2,79.8,1
1400000US53033028402,53,33,28402,"Census Tract 284.02, King County, Washington",6048,1267,707,20.95,11.68,2109,860,34.87,14.22,2672,787,44.18,13.01,2,79.8,1
1400000US53033028403,53,33,28403,"Census Tract 284.03, King County, Washington",5914,1140,693,19.28,11.72,2737,863,46.28,14.58,2037,808,34.44,13.66,2,79.8,1
1400000US53033028500,53,33,28500,"Census Tract 285, King County, Washington",4705,965,564,20.51,12,2185,642,46.44,13.64,1555,558,33.05,11.86,2,79.8,1
1400000US53033028600,53,33,28600,"Census Tract 286, King County, Washington",6570,1235,667,18.8,10.15,3620,742,55.1,11.3,1715,656,26.1,9.98,2,79.8,1
1400000US53033028700,53,33,28700,"Census Tract 287, King County, Washington",5372,1845,594,34.34,11.05,2083,670,38.78,12.47,1444,589,26.88,10.97,2,79.8,1
1400000US53033028801,53,33,28801,"Census Tract 288.01, King County, Washington",2677,648,300,24.21,11.21,677,361,25.29,13.5,1352,345,50.5,12.88,2,79.8,1
1400000US53033028802,53,33,28802,"Census Tract 288.02, King County, Washington",7112,882,796,12.4,11.19,2797,918,39.33,12.91,3433,808,48.27,11.36,2,79.8,1
1400000US53033028901,53,33,28901,"Census Tract 289.01, King County, Washington",3668,427,407,11.64,11.09,2018,479,55.02,13.05,1223,445,33.34,12.13,2,79.8,1
1400000US53033028902,53,33,28902,"Census Tract 289.02, King County, Washington",7291,822,808,11.27,11.08,3690,982,50.61,13.47,2779,888,38.12,12.18,2,79.8,1
1400000US53033029001,53,33,29001,"Census Tract 290.01, King County, Washington",4496,629,468,13.99,10.4,2432,550,54.09,12.24,1435,514,31.92,11.43,2,79.8,1
1400000US53033029003,53,33,29003,"Census Tract 290.03, King County, Washington",6341,1803,760,28.43,11.98,3138,902,49.49,14.22,1400,805,22.08,12.69,2,79.8,1
1400000US53033029004,53,33,29004,"Census Tract 290.04, King County, Washington",4085,331,447,8.1,10.94,2081,550,50.94,13.47,1673,493,40.95,12.08,2,79.8,1
1400000US53033029101,53,33,29101,"Census Tract 291.01, King County, Washington",4313,538,530,12.47,12.3,1546,599,35.85,13.89,2229,514,51.68,11.92,2,79.8,1
1400000US53033029102,53,33,29102,"Census Tract 291.02, King County, Washington",4728,416,517,8.8,10.94,2143,622,45.33,13.15,2169,567,45.88,12,2,79.8,1
1400000US53033029203,53,33,29203,"Census Tract 292.03, King County, Washington",3881,585,433,15.07,11.15,2084,514,53.7,13.25,1212,464,31.23,11.94,2,79.8,1
1400000US53033029205,53,33,29205,"Census Tract 292.05, King County, Washington",5191,509,586,9.81,11.28,2809,708,54.11,13.64,1873,645,36.08,12.42,2,79.8,1
1400000US53033029206,53,33,29206,"Census Tract 292.06, King County, Washington",4662,446,553,9.57,11.87,2454,677,52.64,14.52,1762,615,37.79,13.19,2,79.8,1
1400000US53033029207,53,33,29207,"Census Tract 292.07, King County, Washington",2964,1150,326,38.8,10.99,1378,377,46.49,12.73,436,333,14.71,11.22,2,79.8,1
1400000US53033029208,53,33,29208,"Census Tract 292.08, King County, Washington",4581,577,524,12.6,11.43,2617,615,57.13,13.42,1387,537,30.28,11.72,2,79.8,1
1400000US53033029304,53,33,29304,"Census Tract 293.04, King County, Washington",5794,1756,678,30.31,11.7,2949,783,50.9,13.52,1089,693,18.8,11.96,2,79.8,1
1400000US53033029305,53,33,29305,"Census Tract 293.05, King County, Washington",4752,927,531,19.51,11.18,2959,625,62.27,13.15,866,562,18.22,11.82,2,79.8,1
1400000US53033029306,53,33,29306,"Census Tract 293.06, King County, Washington",4439,943,527,21.24,11.86,1837,619,41.38,13.94,1659,557,37.37,12.55,2,79.8,1
1400000US53033029307,53,33,29307,"Census Tract 293.07, King County, Washington",3885,946,470,24.35,12.11,1648,523,42.42,13.45,1291,450,33.23,11.58,2,79.8,1
1400000US53033029308,53,33,29308,"Census Tract 293.08, King County, Washington",3620,611,400,16.88,11.04,1908,469,52.71,12.95,1101,421,30.41,11.64,2,79.8,1
1400000US53033029309,53,33,29309,"Census Tract 293.09, King County, Washington",5145,1204,581,23.4,11.28,2636,692,51.23,13.45,1305,635,25.36,12.34,2,79.8,1
1400000US53033029403,53,33,29403,"Census Tract 294.03, King County, Washington",6434,2402,769,37.33,11.96,2006,910,31.18,14.15,2026,821,31.49,12.75,2,79.8,1
1400000US53033029405,53,33,29405,"Census Tract 294.05, King County, Washington",6336,1367,664,21.58,10.47,3374,767,53.25,12.11,1595,677,25.17,10.68,2,79.8,1
1400000US53033029406,53,33,29406,"Census Tract 294.06, King County, Washington",5414,1228,550,22.68,10.17,2665,641,49.22,11.84,1521,572,28.09,10.57,2,79.8,1
1400000US53033029407,53,33,29407,"Census Tract 294.07, King County, Washington",5187,950,544,18.32,10.48,2955,648,56.97,12.48,1282,584,24.72,11.25,2,79.8,1
1400000US53033029408,53,33,29408,"Census Tract 294.08, King County, Washington",4719,728,571,15.43,12.1,2349,682,49.78,14.45,1642,611,34.8,12.95,2,79.8,1
1400000US53033029504,53,33,29504,"Census Tract 295.04, King County, Washington",6558,1850,834,28.21,12.72,2669,980,40.7,14.94,2039,870,31.09,13.26,2,79.8,1
1400000US53033029505,53,33,29505,"Census Tract 295.05, King County, Washington",4043,507,474,12.54,11.72,2091,554,51.72,13.7,1445,488,35.74,12.07,2,79.8,1
1400000US53033029506,53,33,29506,"Census Tract 295.06, King County, Washington",4922,472,578,9.59,11.75,2334,687,47.42,13.95,2116,604,42.99,12.27,2,79.8,1
1400000US53033029507,53,33,29507,"Census Tract 295.07, King County, Washington",3696,1112,448,30.09,12.12,1666,516,45.08,13.95,918,454,24.84,12.27,2,79.8,1
1400000US53033029508,53,33,29508,"Census Tract 295.08, King County, Washington",4217,609,468,14.44,11.11,2661,541,63.1,12.82,947,474,22.46,11.24,2,79.8,1
1400000US53033029602,53,33,29602,"Census Tract 296.02, King County, Washington",7280,1642,865,22.55,11.88,3762,954,51.68,13.1,1876,800,25.77,10.99,2,79.8,1
1400000US53033029603,53,33,29603,"Census Tract 296.03, King County, Washington",3994,709,450,17.75,11.27,2389,522,59.81,13.06,896,454,22.43,11.36,2,79.8,1
1400000US53033029604,53,33,29604,"Census Tract 296.04, King County, Washington",3897,544,447,13.96,11.47,2395,523,61.46,13.41,958,465,24.58,11.92,2,79.8,1
1400000US53033029701,53,33,29701,"Census Tract 297.01, King County, Washington",5115,558,578,10.91,11.29,2069,704,40.45,13.75,2488,648,48.64,12.68,2,79.8,1
1400000US53033029702,53,33,29702,"Census Tract 297.02, King County, Washington",3253,472,388,14.51,11.92,1640,458,50.42,14.08,1141,412,35.08,12.67,2,79.8,1
1400000US53033029803,53,33,29803,"Census Tract 298.03, King County, Washington",4372,1089,514,24.91,11.75,2326,602,53.2,13.76,957,528,21.89,12.07,2,79.8,1
1400000US53033029804,53,33,29804,"Census Tract 298.04, King County, Washington",4505,1067,454,23.68,10.07,1941,535,43.09,11.87,1497,484,33.23,10.73,2,79.8,1
1400000US53033029805,53,33,29805,"Census Tract 298.05, King County, Washington",5167,1048,536,20.28,10.38,2334,629,45.17,12.18,1785,565,34.55,10.94,2,79.8,1
1400000US53033029806,53,33,29806,"Census Tract 298.06, King County, Washington",4576,1315,526,28.74,11.5,2088,609,45.63,13.3,1173,538,25.63,11.76,2,79.8,1
1400000US53033029901,53,33,29901,"Census Tract 299.01, King County, Washington",4800,1576,509,32.83,10.6,2460,587,51.25,12.22,764,517,15.92,10.77,2,79.8,1
1400000US53033029902,53,33,29902,"Census Tract 299.02, King County, Washington",5747,1692,586,29.44,10.2,3276,636,57,11.06,779,521,13.55,9.06,2,79.8,1
1400000US53033030003,53,33,30003,"Census Tract 300.03, King County, Washington",6656,1408,692,21.15,10.39,4114,830,61.81,12.48,1134,761,17.04,11.43,2,79.8,1
1400000US53033030005,53,33,30005,"Census Tract 300.05, King County, Washington",6211,752,603,12.11,9.71,4124,744,66.4,11.98,1335,676,21.49,10.88,2,79.8,1
1400000US53033030006,53,33,30006,"Census Tract 300.06, King County, Washington",4412,612,480,13.87,10.87,1402,609,31.78,13.81,2398,576,54.35,13.05,2,79.8,1
1400000US53033030007,53,33,30007,"Census Tract 300.07, King County, Washington",4653,481,527,10.34,11.33,1764,635,37.91,13.64,2408,567,51.75,12.18,2,79.8,1
1400000US53033030008,53,33,30008,"Census Tract 300.08, King County, Washington",4822,576,536,11.95,11.11,1967,637,40.79,13.21,2279,566,47.26,11.74,2,79.8,1
1400000US53033030101,53,33,30101,"Census Tract 301.01, King County, Washington",3784,1241,443,32.8,11.71,1681,499,44.42,13.18,862,435,22.78,11.5,2,79.8,1
1400000US53033030102,53,33,30102,"Census Tract 301.02, King County, Washington",3719,1017,417,27.35,11.2,1492,492,40.12,13.23,1210,463,32.54,12.46,2,79.8,1
1400000US53033030201,53,33,30201,"Census Tract 302.01, King County, Washington",5714,644,691,11.27,12.09,3446,825,60.31,14.44,1624,744,28.42,13.03,2,79.8,1
1400000US53033030203,53,33,30203,"Census Tract 302.03, King County, Washington",4229,351,449,8.3,10.62,1633,542,38.61,12.82,2245,491,53.09,11.61,2,79.8,1
1400000US53033030204,53,33,30204,"Census Tract 302.04, King County, Washington",3845,541,440,14.07,11.43,1740,540,45.25,14.03,1564,512,40.68,13.32,2,79.8,1
1400000US53033030304,53,33,30304,"Census Tract 303.04, King County, Washington",4544,1087,503,23.92,11.08,1899,546,41.79,12.01,1558,437,34.29,9.61,0,78.4,0
1400000US53033030305,53,33,30305,"Census Tract 303.05, King County, Washington",5440,1522,647,27.98,11.88,2502,744,45.99,13.67,1416,671,26.03,12.33,2,79.8,1
1400000US53033030306,53,33,30306,"Census Tract 303.06, King County, Washington",5872,1916,634,32.63,10.8,2563,721,43.65,12.28,1393,637,23.72,10.84,2,79.8,1
1400000US53033030308,53,33,30308,"Census Tract 303.08, King County, Washington",6983,939,807,13.45,11.56,3594,961,51.47,13.76,2450,862,35.09,12.35,2,79.8,1
1400000US53033030309,53,33,30309,"Census Tract 303.09, King County, Washington",5987,1015,699,16.95,11.67,3690,831,61.63,13.88,1282,751,21.41,12.55,0,78.4,0
1400000US53033030310,53,33,30310,"Census Tract 303.10, King County, Washington",6559,720,818,10.98,12.48,2629,957,40.08,14.6,3210,852,48.94,12.99,0,78.4,0
1400000US53033030311,53,33,30311,"Census Tract 303.11, King County, Washington",5121,977,551,19.08,10.76,2472,661,48.27,12.92,1672,597,32.65,11.66,2,79.8,1
1400000US53033030312,53,33,30312,"Census Tract 303.12, King County, Washington",5585,1051,610,18.82,10.93,2487,721,44.53,12.91,2047,645,36.65,11.54,0,78.4,0
1400000US53033030313,53,33,30313,"Census Tract 303.13, King County, Washington",4914,412,538,8.38,10.95,2181,634,44.38,12.9,2321,575,47.23,11.7,0,78.4,0
1400000US53033030314,53,33,30314,"Census Tract 303.14, King County, Washington",4752,457,487,9.62,10.24,1170,622,24.62,13.09,3125,602,65.76,12.67,2,79.8,1
1400000US53033030403,53,33,30403,"Census Tract 304.03, King County, Washington",4639,894,503,19.27,10.85,2077,585,44.77,12.61,1668,538,35.96,11.6,0,78.4,0
1400000US53033030404,53,33,30404,"Census Tract 304.04, King County, Washington",5212,1784,589,34.23,11.31,1911,657,36.67,12.6,1517,565,29.11,10.83,0,78.4,0
1400000US53033030405,53,33,30405,"Census Tract 304.05, King County, Washington",3517,1006,388,28.6,11.02,1754,417,49.87,11.86,757,337,21.52,9.59,0,78.4,0
1400000US53033030406,53,33,30406,"Census Tract 304.06, King County, Washington",3135,628,413,20.03,13.16,1408,463,44.91,14.76,1099,399,35.06,12.71,0,78.4,0
1400000US53033030407,53,33,30407,"Census Tract 304.07, King County, Washington",3199,467,402,14.6,12.56,2015,448,62.99,14.01,717,381,22.41,11.91,0,78.4,0
1400000US53033030501,53,33,30501,"Census Tract 305.01, King County, Washington",2999,279,348,9.3,11.6,1069,414,35.65,13.8,1651,392,55.05,13.07,2,79.8,1
1400000US53033030503,53,33,30503,"Census Tract 305.03, King County, Washington",6467,850,792,13.14,12.25,2951,905,45.63,13.99,2666,809,41.22,12.51,2,79.8,1
1400000US53033030504,53,33,30504,"Census Tract 305.04, King County, Washington",5129,660,615,12.87,11.99,2492,705,48.59,13.75,1977,624,38.55,12.17,2,79.8,1
1400000US53033030600,53,33,30600,"Census Tract 306, King County, Washington",5734,1398,670,24.38,11.68,2768,754,48.27,13.15,1568,653,27.35,11.38,0,78.4,0
1400000US53033030700,53,33,30700,"Census Tract 307, King County, Washington",4320,513,553,11.88,12.81,2185,630,50.58,14.59,1622,554,37.55,12.81,0,78.4,0
1400000US53033030801,53,33,30801,"Census Tract 308.01, King County, Washington",7487,801,840,10.7,11.22,3076,1000,41.08,13.36,3610,890,48.22,11.88,0,78.4,0
1400000US53033030802,53,33,30802,"Census Tract 308.02, King County, Washington",4488,587,537,13.08,11.96,2636,615,58.73,13.7,1265,539,28.19,12.01,0,78.4,0
1400000US53033030901,53,33,30901,"Census Tract 309.01, King County, Washington",3899,498,421,12.77,10.8,1964,471,50.37,12.07,1437,402,36.86,10.31,0,78.4,0
1400000US53033030902,53,33,30902,"Census Tract 309.02, King County, Washington",6246,1604,860,25.68,13.77,3059,963,48.98,15.42,1583,819,25.34,13.11,0,78.4,0
1400000US53033031000,53,33,31000,"Census Tract 310, King County, Washington",4894,2047,583,41.83,11.92,2128,641,43.48,13.1,719,535,14.69,10.93,0,78.4,0
1400000US53033031101,53,33,31101,"Census Tract 311.01, King County, Washington",3712,393,356,10.59,9.59,1517,410,40.87,11.05,1802,364,48.55,9.81,0,78.4,0
1400000US53033031102,53,33,31102,"Census Tract 311.02, King County, Washington",3728,702,372,18.83,9.97,1933,436,51.85,11.71,1093,398,29.32,10.66,0,78.4,0
1400000US53033031202,53,33,31202,"Census Tract 312.02, King County, Washington",6561,1345,645,20.5,9.83,3789,727,57.75,11.09,1427,631,21.75,9.62,0,78.5,0
1400000US53033031204,53,33,31204,"Census Tract 312.04, King County, Washington",6125,1572,704,25.67,11.49,3072,769,50.16,12.56,1481,652,24.18,10.64,0,78.4,0
1400000US53033031206,53,33,31206,"Census Tract 312.06, King County, Washington",5010,500,566,9.98,11.29,3008,651,60.04,13,1502,576,29.98,11.49,0,78.4,0
1400000US53033031207,53,33,31207,"Census Tract 312.07, King County, Washington",5256,1530,591,29.11,11.24,2373,654,45.15,12.45,1353,538,25.74,10.24,2,79.8,1
1400000US53033031208,53,33,31208,"Census Tract 312.08, King County, Washington",4263,1488,498,34.9,11.67,2177,552,51.07,12.96,598,466,14.03,10.94,0,78.4,0
1400000US53033031301,53,33,31301,"Census Tract 313.01, King County, Washington",2467,813,265,32.96,10.74,871,294,35.31,11.91,783,255,31.74,10.33,0,78.5,0
1400000US53033031302,53,33,31302,"Census Tract 313.02, King County, Washington",4726,1777,518,37.6,10.96,1597,580,33.79,12.28,1352,505,28.61,10.69,0,78.5,0
1400000US53033031400,53,33,31400,"Census Tract 314, King County, Washington",5645,1950,702,34.54,12.44,2297,786,40.69,13.92,1398,692,24.77,12.27,0,78.5,0
1400000US53033031501,53,33,31501,"Census Tract 315.01, King County, Washington",3969,1234,390,31.09,9.83,2046,484,51.55,12.2,689,441,17.36,11.1,0,78.5,0
1400000US53033031502,53,33,31502,"Census Tract 315.02, King County, Washington",4863,1577,533,32.43,10.97,1913,580,39.34,11.92,1373,487,28.23,10.02,0,68.9,0
1400000US53033031601,53,33,31601,"Census Tract 316.01, King County, Washington",5171,1608,520,31.1,10.06,2676,564,51.75,10.91,887,468,17.15,9.06,0,78.5,0
1400000US53033031603,53,33,31603,"Census Tract 316.03, King County, Washington",6610,2487,733,37.62,11.09,3550,775,53.71,11.73,573,597,8.67,9.03,0,78.5,0
1400000US53033031604,53,33,31604,"Census Tract 316.04, King County, Washington",5861,3163,631,53.97,10.77,1730,682,29.52,11.63,968,542,16.52,9.25,0,78.5,0
1400000US53033031605,53,33,31605,"Census Tract 316.05, King County, Washington",3578,1341,405,37.48,11.33,1802,436,50.36,12.18,435,358,12.16,9.99,0,78.5,0
1400000US53033031704,53,33,31704,"Census Tract 317.04, King County, Washington",6202,1019,706,16.43,11.38,3446,787,55.56,12.68,1737,675,28.01,10.88,2,79.8,1
1400000US53033031705,53,33,31705,"Census Tract 317.05, King County, Washington",4091,1416,475,34.61,11.61,1988,507,48.59,12.4,687,401,16.79,9.81,0,78.5,0
1400000US53033031707,53,33,31707,"Census Tract 317.07, King County, Washington",3742,1393,432,37.23,11.55,1619,477,43.27,12.76,730,407,19.51,10.88,2,79.8,1
1400000US53033031708,53,33,31708,"Census Tract 317.08, King County, Washington",3957,742,471,18.75,11.91,1487,544,37.58,13.74,1728,491,43.67,12.4,2,79.8,1
1400000US53033031709,53,33,31709,"Census Tract 317.09, King County, Washington",3779,1239,477,32.79,12.61,1725,522,45.65,13.82,815,433,21.57,11.46,0,78.5,0
1400000US53033031710,53,33,31710,"Census Tract 317.10, King County, Washington",3895,757,474,19.44,12.17,1506,535,38.66,13.75,1632,469,41.9,12.04,0,78.5,0
1400000US53033031800,53,33,31800,"Census Tract 318, King County, Washington",4918,1426,502,29,10.2,2711,549,55.12,11.15,781,463,15.88,9.42,0,78.5,0
1400000US53033031904,53,33,31904,"Census Tract 319.04, King County, Washington",3406,1377,397,40.43,11.65,1413,427,41.49,12.52,616,348,18.09,10.22,0,78.5,0
1400000US53033031906,53,33,31906,"Census Tract 319.06, King County, Washington",3944,1290,445,32.71,11.29,1874,481,47.52,12.19,780,394,19.78,9.98,0,78.5,0
1400000US53033031908,53,33,31908,"Census Tract 319.08, King County, Washington",4467,1175,506,26.3,11.33,1307,567,29.26,12.68,1985,487,44.44,10.9,0,78.5,0
1400000US53033031909,53,33,31909,"Census Tract 319.09, King County, Washington",3055,912,363,29.85,11.87,1587,409,51.95,13.39,556,361,18.2,11.8,0,78.5,0
1400000US53033031910,53,33,31910,"Census Tract 319.10, King County, Washington",3855,1043,413,27.06,10.7,1768,469,45.86,12.16,1044,418,27.08,10.85,0,78.5,0
1400000US53033031911,53,33,31911,"Census Tract 319.11, King County, Washington",4179,1228,461,29.39,11.04,2239,512,53.58,12.24,712,439,17.04,10.51,0,78.5,0
1400000US53033031912,53,33,31912,"Census Tract 319.12, King County, Washington",3889,937,447,24.09,11.49,1919,484,49.34,12.44,1033,396,26.56,10.19,0,78.5,0
1400000US53033031913,53,33,31913,"Census Tract 319.13, King County, Washington",3681,1327,422,36.05,11.46,1680,467,45.64,12.68,674,396,18.31,10.77,0,78.5,0
1400000US53033032002,53,33,32002,"Census Tract 320.02, King County, Washington",2984,931,338,31.2,11.33,1435,365,48.09,12.22,618,303,20.71,10.16,0,78.5,0
1400000US53033032003,53,33,32003,"Census Tract 320.03, King County, Washington",4999,1597,549,31.95,10.98,2284,594,45.69,11.88,1118,496,22.36,9.92,0,78.5,0
1400000US53033032005,53,33,32005,"Census Tract 320.05, King County, Washington",6842,2535,892,37.05,13.04,3194,988,46.68,14.44,1113,832,16.27,12.16,0,78.5,0
1400000US53033032006,53,33,32006,"Census Tract 320.06, King County, Washington",5239,1281,537,24.45,10.25,2990,586,57.07,11.18,968,493,18.48,9.41,0,78.5,0
1400000US53033032007,53,33,32007,"Census Tract 320.07, King County, Washington",4072,1839,455,45.16,11.17,1335,487,32.78,11.96,898,392,22.05,9.64,0,78.5,0
1400000US53033032008,53,33,32008,"Census Tract 320.08, King County, Washington",4362,1838,497,42.14,11.38,1774,544,40.67,12.48,750,456,17.19,10.45,0,78.5,0
1400000US53033032010,53,33,32010,"Census Tract 320.10, King County, Washington",6564,2273,794,34.63,12.1,3437,870,52.36,13.25,854,722,13.01,10.99,0,78.5,0
1400000US53033032011,53,33,32011,"Census Tract 320.11, King County, Washington",5097,2670,575,52.38,11.28,1881,623,36.9,12.22,546,502,10.71,9.85,0,78.5,0
1400000US53033032102,53,33,32102,"Census Tract 321.02, King County, Washington",4764,1646,512,34.55,10.75,1935,558,40.62,11.71,1183,473,24.83,9.94,0,78.5,0
1400000US53033032103,53,33,32103,"Census Tract 321.03, King County, Washington",6228,1312,743,21.07,11.93,3731,821,59.91,13.19,1185,704,19.03,11.3,0,78.5,0
1400000US53033032104,53,33,32104,"Census Tract 321.04, King County, Washington",6173,1878,673,30.42,10.91,3219,727,52.15,11.78,1076,605,17.43,9.8,0,78.5,0
1400000US53033032207,53,33,32207,"Census Tract 322.07, King County, Washington",3765,1339,411,35.56,10.91,1858,437,49.35,11.59,568,344,15.09,9.13,0,78.5,0
1400000US53033032211,53,33,32211,"Census Tract 322.11, King County, Washington",5360,2096,582,39.1,10.87,2285,635,42.63,11.85,979,520,18.26,9.7,0,78.5,0
1400000US53033032213,53,33,32213,"Census Tract 322.13, King County, Washington",4349,1599,451,36.77,10.36,1723,477,39.62,10.96,1027,369,23.61,8.49,0,78.5,0
1400000US53033032215,53,33,32215,"Census Tract 322.15, King County, Washington",5801,2481,629,42.77,10.85,2554,677,44.03,11.66,766,535,13.2,9.22,0,78.5,0
1400000US53033032216,53,33,32216,"Census Tract 322.16, King County, Washington",4841,1697,507,35.05,10.47,2192,550,45.28,11.36,952,443,19.67,9.15,0,78.5,0
1400000US53033032217,53,33,32217,"Census Tract 322.17, King County, Washington",4298,1728,462,40.2,10.75,2121,492,49.35,11.44,449,388,10.45,9.03,0,78.5,0
1400000US53033032218,53,33,32218,"Census Tract 322.18, King County, Washington",5473,1571,607,28.7,11.08,2114,710,38.63,12.97,1788,667,32.67,12.19,0,78.5,0
1400000US53033032219,53,33,32219,"Census Tract 322.19, King County, Washington",4543,1001,505,22.03,11.11,2456,561,54.06,12.36,1086,482,23.9,10.61,0,78.5,0
1400000US53033032220,53,33,32220,"Census Tract 322.20, King County, Washington",8835,1536,955,17.39,10.81,4832,1036,54.69,11.73,2467,833,27.92,9.43,0,78.5,0
1400000US53033032221,53,33,32221,"Census Tract 322.21, King County, Washington",6757,1974,784,29.21,11.6,3686,846,54.55,12.52,1097,680,16.24,10.06,0,78.5,0
1400000US53033032222,53,33,32222,"Census Tract 322.22, King County, Washington",3873,745,448,19.24,11.56,2370,485,61.19,12.53,758,391,19.57,10.09,0,78.5,0
1400000US53033032223,53,33,32223,"Census Tract 322.23, King County, Washington",4718,1870,520,39.64,11.02,2035,567,43.13,12.01,813,464,17.23,9.82,0,78.5,0
1400000US53033032224,53,33,32224,"Census Tract 322.24, King County, Washington",3491,1285,378,36.81,10.84,1699,407,48.67,11.67,507,320,14.52,9.16,0,78.5,0
1400000US53033032225,53,33,32225,"Census Tract 322.25, King County, Washington",4329,1542,504,35.62,11.64,1425,544,32.92,12.56,1362,435,31.46,10.04,0,78.5,0
1400000US53033032307,53,33,32307,"Census Tract 323.07, King County, Washington",6234,2105,706,33.77,11.32,2754,757,44.18,12.14,1375,619,22.06,9.92,0,79.7,0
1400000US53033032311,53,33,32311,"Census Tract 323.11, King County, Washington",5757,1829,671,31.77,11.65,3077,716,53.45,12.43,851,579,14.78,10.05,0,79.7,0
1400000US53033032313,53,33,32313,"Census Tract 323.13, King County, Washington",7831,1629,879,20.8,11.23,3584,957,45.77,12.22,2618,768,33.43,9.8,0,79.7,0
1400000US53033032315,53,33,32315,"Census Tract 323.15, King County, Washington",5440,2369,648,43.55,11.9,2087,689,38.36,12.66,984,549,18.09,10.08,0,79.7,0
1400000US53033032316,53,33,32316,"Census Tract 323.16, King County, Washington",5848,2261,625,38.66,10.69,2885,664,49.33,11.36,702,520,12,8.89,0,79.7,0
1400000US53033032317,53,33,32317,"Census Tract 323.17, King County, Washington",6542,3072,734,46.96,11.22,2546,804,38.92,12.29,924,671,14.12,10.25,0,78.5,0
1400000US53033032318,53,33,32318,"Census Tract 323.18, King County, Washington",6907,2962,780,42.88,11.3,3463,842,50.14,12.18,482,669,6.98,9.68,0,78.5,0
1400000US53033032319,53,33,32319,"Census Tract 323.19, King County, Washington",5995,1272,714,21.22,11.91,3265,803,54.46,13.39,1458,705,24.32,11.75,0,79.7,0
1400000US53033032320,53,33,32320,"Census Tract 323.20, King County, Washington",4400,1537,458,34.93,10.42,2163,491,49.16,11.15,700,400,15.91,9.1,0,79.7,0
1400000US53033032321,53,33,32321,"Census Tract 323.21, King County, Washington",7860,3574,885,45.47,11.26,3432,963,43.66,12.25,854,788,10.87,10.03,0,79.7,0
1400000US53033032322,53,33,32322,"Census Tract 323.22, King County, Washington",3242,1379,362,42.54,11.16,1439,388,44.39,11.96,424,314,13.08,9.68,0,79.7,0
1400000US53033032323,53,33,32323,"Census Tract 323.23, King County, Washington",6630,1863,718,28.1,10.83,3176,820,47.9,12.37,1591,717,24,10.81,0,79.7,0
1400000US53033032324,53,33,32324,"Census Tract 323.24, King County, Washington",5853,1443,696,24.65,11.9,3293,782,56.26,13.36,1117,658,19.08,11.25,0,79.7,0
1400000US53033032325,53,33,32325,"Census Tract 323.25, King County, Washington",7233,1911,832,26.42,11.5,4139,938,57.22,12.96,1183,781,16.36,10.8,0,79.7,0
1400000US53033032326,53,33,32326,"Census Tract 323.26, King County, Washington",3686,1605,379,43.54,10.29,1577,415,42.78,11.26,504,350,13.67,9.51,0,79.7,0
1400000US53033032327,53,33,32327,"Census Tract 323.27, King County, Washington",4173,701,360,16.8,8.62,1948,482,46.68,11.56,1524,478,36.52,11.46,0,79.7,0
1400000US53033032328,53,33,32328,"Census Tract 323.28, King County, Washington",3241,1377,361,42.49,11.14,1337,384,41.25,11.86,527,304,16.26,9.39,0,79.7,0
1400000US53033032330,53,33,32330,"Census Tract 323.30, King County, Washington",5286,697,641,13.19,12.13,3374,724,63.83,13.7,1215,613,22.99,11.6,0,79.7,0
1400000US53033032331,53,33,32331,"Census Tract 323.31, King County, Washington",5553,801,662,14.42,11.93,3583,733,64.52,13.2,1169,592,21.05,10.66,0,79.7,0
1400000US53033032332,53,33,32332,"Census Tract 323.32, King County, Washington",5556,1779,603,32.02,10.85,3225,650,58.05,11.69,552,513,9.94,9.23,0,79.7,0
1400000US53033032333,53,33,32333,"Census Tract 323.33, King County, Washington",4437,1464,493,33,11.1,1366,556,30.79,12.52,1607,481,36.22,10.85,0,79.7,0
1400000US53033032401,53,33,32401,"Census Tract 324.01, King County, Washington",6463,2368,776,36.64,12.01,3111,822,48.14,12.71,984,642,15.23,9.94,0,79.7,0
1400000US53033032402,53,33,32402,"Census Tract 324.02, King County, Washington",6618,1930,721,29.16,10.9,2609,790,39.42,11.94,2079,659,31.41,9.96,0,79.7,0
1400000US53033032500,53,33,32500,"Census Tract 325, King County, Washington",5657,1816,522,32.1,9.23,3119,556,55.14,9.83,722,444,12.76,7.86,0,79.7,0
1400000US53033032601,53,33,32601,"Census Tract 326.01, King County, Washington",2777,813,342,29.28,12.3,1238,366,44.58,13.18,726,297,26.14,10.71,0,78.5,0
1400000US53033032603,53,33,32603,"Census Tract 326.03, King County, Washington",4526,2551,538,56.36,11.88,1582,563,34.95,12.44,393,423,8.68,9.33,0,78.5,0
1400000US53033032604,53,33,32604,"Census Tract 326.04, King County, Washington",5723,2736,602,47.81,10.52,2393,630,41.81,11.02,594,461,10.38,8.06,0,78.5,0
1400000US53033032605,53,33,32605,"Census Tract 326.05, King County, Washington",3999,1477,455,36.93,11.37,2092,492,52.31,12.29,430,397,10.75,9.92,0,78.5,0
1400000US53033032703,53,33,32703,"Census Tract 327.03, King County, Washington",1881,636,235,33.81,12.48,944,250,50.19,13.3,301,200,16,10.61,0,78.5,0
1400000US53033032704,53,33,32704,"Census Tract 327.04, King County, Washington",7420,3022,752,40.73,10.13,2713,804,36.56,10.84,1685,649,22.71,8.74,0,78.5,0
1400000US53033032705,53,33,32705,"Census Tract 327.05, King County, Washington",3595,1465,419,40.75,11.66,1573,455,43.76,12.64,557,372,15.49,10.33,0,78.5,0
1400000US53033032706,53,33,32706,"Census Tract 327.06, King County, Washington",3005,921,294,30.65,9.77,1475,359,49.08,11.94,609,322,20.27,10.7,0,75.6,0
1400000US53033032800,53,33,32800,"Census Tract 328, King County, Washington",2810,594,278,21.14,9.91,1590,349,56.58,12.4,626,322,22.28,11.47,0,75.6,0
1400000US53033990100,53,33,990100,"Census Tract 9901, King County, Washington",0,0,0,0,0,0,0,0,0,0,0,0,0,2,79.8,1